file_path,quality_score
/home/xjc/data/CAN_Stress/A02160_220214-155820__1452541/BVP.csv,0.7841781695300961
/home/xjc/data/CAN_Stress/A02160_221103-141306__1627909/BVP.csv,0.5190522552309503
/home/xjc/data/CAN_Stress/A01BB3_220930-143421__1599809/BVP.csv,0.662798038408896
/home/xjc/data/CAN_Stress/A02160_230121-160610__1668739/BVP.csv,0.6462614675992726
/home/xjc/data/CAN_Stress/A01BB3_221021-133252__1615760/BVP.csv,0.676398288766632
/home/xjc/data/CAN_Stress/A01FB9_220329-170454__1482522/BVP.csv,0.6900856729114809
/home/xjc/data/CAN_Stress/A01BB3_230128-072052__1672336/BVP.csv,0.6711069309057147
/home/xjc/data/CAN_Stress/A01BB3_230206-030434__1676908/BVP.csv,0.6541856267054992
/home/xjc/data/CAN_Stress/A02160_221019-152024__1614258/BVP.csv,0.7116816487637773
/home/xjc/data/CAN_Stress/A01FB9_220625-130210__1550289/BVP.csv,0.7350023598514823
/home/xjc/data/CAN_Stress/A01BB3_230127-171629__1672337/BVP.csv,0.7051969982985968
/home/xjc/data/CAN_Stress/A01BB3_221001-051630__1599815/BVP.csv,0.6902840689623102
/home/xjc/data/CAN_Stress/A01BB3_220304-144010__1463069/BVP.csv,0.7237685690791471
/home/xjc/data/CAN_Stress/A02160_230129-163217__1672914/BVP.csv,0.6306569798946521
/home/xjc/data/CAN_Stress/A02160_230227-150755__1689122/BVP.csv,0.6943540647785788
/home/xjc/data/CAN_Stress/A01FB9_220321-121902__1474424/BVP.csv,0.6494217502817825
/home/xjc/data/CAN_Stress/A01BB3_221104-150448__1627936/BVP.csv,0.6954313126589264
/home/xjc/data/CAN_Stress/A01FB9_221102-172943__1627950/BVP.csv,0.6198281442379611
/home/xjc/data/CAN_Stress/A02160_220401-144336__1482490/BVP.csv,0.8069861857171042
/home/xjc/data/CAN_Stress/A01BB3_220519-150214__1517247/BVP.csv,0.6968085064327332
/home/xjc/data/CAN_Stress/A01FB9_220601-154626__1525872/BVP.csv,0.8674919341764621
/home/xjc/data/CAN_Stress/A01FB9_220306-151030__1465010/BVP.csv,0.7142223492930079
/home/xjc/data/CAN_Stress/A01BB3_230128-060524__1672335/BVP.csv,0.7735009398028886
/home/xjc/data/CAN_Stress/A01FB9_220831-142947__1580323/BVP.csv,0.7454520320706295
/home/xjc/data/CAN_Stress/A01BB3_220406-161109__1487330/BVP.csv,0.6335927161745666
/home/xjc/data/CAN_Stress/A02160_220203-151845__1445762/BVP.csv,0.7179646685556749
/home/xjc/data/CAN_Stress/A01BB3_220323-133317__1476005/BVP.csv,0.737897417484128
/home/xjc/data/CAN_Stress/A02160_230226-232454__1689118/BVP.csv,0.631791387475782
/home/xjc/data/CAN_Stress/A01BB3_230205-140827__1676909/BVP.csv,0.763067377877013
/home/xjc/data/CAN_Stress/A02160_220828-140146__1578416/BVP.csv,0.7035454655307596
/home/xjc/data/CAN_Stress/A01BB3_220921-141443__1593477/BVP.csv,0.7271065254921425
/home/xjc/data/CAN_Stress/A02160_230228-160145__1689123/BVP.csv,0.5371609881984343
/home/xjc/data/CAN_Stress/A01FB9_220920-130441__1592198/BVP.csv,0.7427358897296542
/home/xjc/data/CAN_Stress/A01BB3_221022-192621__1622542/BVP.csv,0.18759039315501422
/home/xjc/data/CAN_Stress/A02160_231017-114252__1799463/BVP.csv,0.7427559910160061
/home/xjc/data/CAN_Stress/A01BB3_221028-151812__1622546/BVP.csv,0.6770043697949625
/home/xjc/data/CAN_Stress/A01F4C_230215-142807__1684264/BVP.csv,0.7087204145699155
/home/xjc/data/CAN_Stress/A02160_220903-154115__1581548/BVP.csv,0.7630587632282735
/home/xjc/data/CAN_Stress/A01FB9_221021-145202__1615753/BVP.csv,0.7987639607247005
/home/xjc/data/CAN_Stress/A02160_231024-150040__1803044/BVP.csv,0.7795471290669784
/home/xjc/data/CAN_Stress/A01BB3_220605-170311__1529194/BVP.csv,0.7732770754262522
/home/xjc/data/CAN_Stress/A02160_220417-132958__1493794/BVP.csv,0.6833235083818271
/home/xjc/data/CAN_Stress/A01FB9_221103-150209__1627954/BVP.csv,0.7470850275628768
/home/xjc/data/CAN_Stress/A01FB9_220929-124426__1599299/BVP.csv,0.7208086715422577
/home/xjc/data/CAN_Stress/A02160_220304-160223__1463075/BVP.csv,0.6016179891370004
/home/xjc/data/CAN_Stress/A01BB3_230124-162212__1669961/BVP.csv,0.5615206944692409
/home/xjc/data/CAN_Stress/A02160_231113-170244__1811655/BVP.csv,0.5998423100590156
/home/xjc/data/CAN_Stress/A02160_220621-133442__1539693/BVP.csv,0.7199835504718338
/home/xjc/data/CAN_Stress/A01F4C_230129-161929__1672353/BVP.csv,0.5315033824935134
/home/xjc/data/CAN_Stress/A01BB3_220602-141250__1526420/BVP.csv,0.8567630675670729
/home/xjc/data/CAN_Stress/A01BB3_230123-163227__1669960/BVP.csv,0.6438687064394674
/home/xjc/data/CAN_Stress/A01BB3_220309-140348__1467167/BVP.csv,0.699605657463662
/home/xjc/data/CAN_Stress/A02160_231029-130452__1804739/BVP.csv,0.6668709701655502
/home/xjc/data/CAN_Stress/A02160_220604-150630__1529202/BVP.csv,0.6698689170868006
/home/xjc/data/CAN_Stress/A02160_220918-150156__1590569/BVP.csv,0.7210953350019006
/home/xjc/data/CAN_Stress/A01FB9_220914-132226__1589361/BVP.csv,0.7166460754856157
/home/xjc/data/CAN_Stress/A02160_221008-151631__1605412/BVP.csv,0.6434684007203699
/home/xjc/data/CAN_Stress/A01FB9_220909-132302__1585732/BVP.csv,0.7903111712156139
/home/xjc/data/CAN_Stress/A02160_230907-150540__1783066/BVP.csv,0.7139273348052867
/home/xjc/data/CAN_Stress/A01FB9_221026-204807__1622559/BVP.csv,0.6354181489206999
/home/xjc/data/CAN_Stress/A02160_231102-165646__1806717/BVP.csv,0.6879930691954927
/home/xjc/data/CAN_Stress/A01FB9_220421-141116__1496787/BVP.csv,0.77304494307064
/home/xjc/data/CAN_Stress/A02160_230929-153047__1791589/BVP.csv,0.7178901552669485
/home/xjc/data/CAN_Stress/A02160_220929-123711__1599803/BVP.csv,0.5845938727233353
/home/xjc/data/CAN_Stress/A01F4C_230128-160508__1672354/BVP.csv,0.6153470314973065
/home/xjc/data/CAN_Stress/A01BB3_220930-175332__1599814/BVP.csv,0.708920547929708
/home/xjc/data/CAN_Stress/A02160_231109-160804__1810544/BVP.csv,0.7059830354778309
/home/xjc/data/CAN_Stress/A01BB3_220910-133655__1585738/BVP.csv,0.5583126727907222
/home/xjc/data/CAN_Stress/A01FB9_220521-160743__1517951/BVP.csv,0.7496837822575607
/home/xjc/data/CAN_Stress/A02160_230120-143200__1668741/BVP.csv,0.5967570213225921
/home/xjc/data/CAN_Stress/A02160_230121-150054__1668740/BVP.csv,0.6672492334819149
/home/xjc/data/CAN_Stress/A02160_221206-180500__1649887/BVP.csv,0.6085374211790352
/home/xjc/data/CAN_Stress/A01BB3_220401-123636__1482498/BVP.csv,0.6696121381173371
/home/xjc/data/CAN_Stress/A01FB9_221022-190438__1622555/BVP.csv,0.6304306928749225
/home/xjc/data/CAN_Stress/A02160_231107-153205__1808825/BVP.csv,0.6621275605638569
/home/xjc/data/CAN_Stress/A01BB3_220901-164319__1581487/BVP.csv,0.7775658757350925
/home/xjc/data/CAN_Stress/A01BB3_221012-153444__1609070/BVP.csv,0.6353826274706493
/home/xjc/data/CAN_Stress/A01BB3_220917-133423__1589760/BVP.csv,0.655873121973823
